"id","id_agricultor","id_cultura","area_plantada","quantidade_produzida","data_plantio"
7,1,1,0.4,180,2011-02-02
14250002,1,1,0.4,244,2010-04-12
15500001,1,1,1,30,2013-01-01
13,2,1,0.22,40,2011-02-09
21,3,1,0.13,80,2011-03-09
26,4,1,0.56,120,2011-02-24
31,5,1,0.44,125,2011-02-15
38,6,1,0.22,120,2011-02-07
44,8,1,0.33,120,2011-02-15
50,9,1,0.17,15,2011-02-07
54,11,1,0.44,120,2011-02-15
60,12,1,0.48,180,2011-02-15
66,21,1,0.35,77,2011-02-02
72,23,1,0.5,22,2010-05-04
77,27,1,0.49,180,2011-02-15
82,29,1,0.8,339,2010-04-12
87,29,1,1.97,1100,2011-02-02
96,30,1,0.75,506,2011-02-02
102,32,1,0.17,180,2011-02-03
107,36,1,0.8,200,2011-02-02
116,37,1,0.38,60,2011-02-15
121,40,1,0.72,180,2011-02-25
129,43,1,0.31,130,2011-02-17
134,44,1,0.59,150,2011-02-02
139,45,1,0.72,53,2010-04-18
146,45,1,0.56,421,2011-02-02
152,47,1,1.01,100,2011-02-02
158,48,1,0.52,44,2010-04-01
163,48,1,0.45,81,2011-02-02
169,49,1,0.91,294,2011-02-02
175,49,1,0.89,104,2010-03-30
181,52,1,1.42,790,2011-02-02
187,53,1,0.21,110,2011-03-04
192,57,1,0.58,120,2011-02-17
199,62,1,0.75,360,2011-02-02
205,65,1,0.26,100,2011-02-17
211,65,1,0.5,287,2010-04-07
216,66,1,0.49,267,2011-02-02
222,67,1,0.54,210,2011-02-03
231,67,1,0.5,161,2010-04-09
236,69,1,0.51,200,2011-02-02
243,69,1,0.5,179,2010-02-26
250,71,1,0.5,268,2010-04-09
256,74,1,0.72,70,2011-02-02
262,77,1,0.9,66,2010-04-09
269,79,1,0.35,77,2011-02-02
275,81,1,0.42,125,2011-02-17
282,83,1,0.25,210,2011-02-18
289,84,1,1.31,10,2010-02-10
294,85,1,0.88,205,2011-02-02
302,89,1,0.43,45,2011-01-26
308,93,1,0.25,90,2011-03-04
314,94,1,0.28,20,2011-03-10
320,96,1,1.29,320,2011-02-23
327,96,1,0.5,29,2010-05-04
333,97,1,0.29,70,2011-02-16
341,98,1,0.52,180,2011-02-06
347,99,1,0.44,180,2011-02-07
354,101,1,0.39,130,2011-02-26
360,101,1,0.72,30,2010-04-27
364,103,1,0.43,187,2011-02-02
369,103,1,0.79,122,2010-03-23
376,105,1,0.46,120,2011-02-15
383,110,1,0.8,230,2011-02-05
390,111,1,0.72,270,2011-02-02
396,112,1,0.46,90,2011-02-15
401,113,1,0.4,170,2011-02-05
408,114,1,0.44,180,2011-02-03
415,114,1,0.5,348,2010-04-07
420,115,1,0.41,110,2011-02-17
427,116,1,0.8,216,2011-02-02
433,117,1,0.91,299,2011-02-02
440,117,1,0.92,246,2010-03-31
443,118,1,0.52,160,2011-02-15
449,121,1,0.23,80,2011-02-21
454,122,1,0.72,120,2011-02-23
461,133,1,0.61,352,2011-02-02
467,134,1,0.72,70,2010-04-15
474,135,1,0.5,105,2011-02-03
479,140,1,0.52,160,2011-02-02
485,145,1,1.01,210,2011-02-24
491,147,1,0.26,65,2011-02-03
497,148,1,0.36,180,2011-02-02
505,149,1,1,129,2011-02-02
510,155,1,0.18,70,2011-02-15
516,160,1,0.29,120,2011-02-22
522,160,1,0.78,60,2010-04-29
526,162,1,0.98,37,2010-04-13
532,162,1,0.74,468,2011-02-02
538,163,1,0.44,125,2011-02-02
544,164,1,0.46,200,2011-02-02
550,165,1,0.34,120,2011-02-26
556,165,1,0.36,60,2010-04-29
560,166,1,0.35,77,2011-02-02
566,167,1,0.91,218,2011-02-02
572,169,1,0.71,267,2011-02-02
578,171,1,0.5,116,2011-02-02
584,174,1,0.44,240,2011-02-03
589,174,1,0.7,147,2010-04-08
596,175,1,0.31,100,2011-02-15
602,175,1,0.44,60,2010-04-27
605,177,1,0.95,175,2011-02-25
612,181,1,0.47,80,2011-02-16
617,184,1,0.38,90,2011-02-19
622,185,1,0.46,200,2011-02-02
628,186,1,0.94,300,2011-02-02
634,188,1,0.24,70,2011-02-24
639,194,1,0.96,100,2011-02-02
646,195,1,0.29,200,2011-02-03
651,198,1,0.43,130,2011-02-15
656,199,1,3.3,1200,2011-02-02
662,203,1,0.12,35,2011-02-15
671,204,1,0.96,62,2010-04-12
677,204,1,1.51,350,2011-02-02
683,205,1,0.52,169,2011-02-02
689,205,1,0.78,105,2010-03-30
695,206,1,0.43,45,2011-01-26
701,207,1,0.46,180,2011-02-02
707,208,1,1.02,250,2011-02-13
713,210,1,0.5,90,2011-03-22
720,213,1,0.17,45,2011-02-15
727,216,1,0.39,120,2011-02-15
733,217,1,1.09,445,2011-02-02
740,219,1,0.26,120,2011-02-21
745,220,1,0.33,106,2011-02-02
751,226,1,1.31,570,2011-02-02
758,233,1,0.3,100,2011-02-05
766,233,1,0.5,44,2010-04-06
769,234,1,0.4,40,2011-02-02
774,239,1,0.45,150,2011-02-25
780,247,1,0.16,80,2011-03-10
786,250,1,0.48,100,2011-02-15
791,252,1,1.05,100,2011-02-02
796,254,1,0.98,76,2010-04-16
802,257,1,0.55,180,2011-02-03
807,258,1,0.91,218,2011-02-02
813,259,1,0.48,110,2011-02-25
819,259,1,0.5,13,2010-04-07
823,261,1,0.38,90,2011-03-22
829,262,1,0.37,120,2011-02-03
837,263,1,0.49,80,2011-02-19
842,266,1,0.65,200,2011-02-10
848,270,1,0.37,210,2011-02-21
853,271,1,0.75,168,2010-04-11
862,271,1,1.2,456,2011-02-03
871,272,1,0.37,150,2011-02-21
876,273,1,0.97,500,2011-02-17
881,275,1,0.41,140,2011-02-17
886,277,1,0.9,101,2010-05-02
891,278,1,0.5,160,2011-03-02
900,279,1,0.2,30,2011-02-15
905,285,1,0.18,90,2011-02-04
911,286,1,0.62,200,2011-02-18
919,289,1,0.59,7,2010-04-12
925,291,1,0.35,40,2011-02-17
928,292,1,0.47,40,2011-02-05
934,295,1,0.46,120,2011-02-25
943,297,1,0.58,180,2011-02-18
948,301,1,0.1,20,2011-03-11
955,303,1,0.13,80,2011-02-24
961,304,1,0.22,100,2011-02-03
966,305,1,0.38,80,2011-02-22
971,310,1,0.38,80,2011-02-16
977,310,1,0.5,19,2010-04-08
984,311,1,0.43,110,2011-03-02
990,312,1,0.21,180,2011-02-17
995,315,1,0.43,210,2011-02-21
1001,316,1,0.11,60,2011-03-02
1007,317,1,0.75,340,2011-02-17
1011,318,1,0.94,300,2011-02-02
1017,321,1,0.46,200,2011-02-02
1023,325,1,0.45,140,2011-02-23
1029,326,1,0.81,60,2010-04-30
1032,333,1,1.69,831,2011-02-02
1037,335,1,0.98,320,2011-02-02
1045,335,1,0.5,220,2010-05-04
1051,336,1,0.8,216,2011-02-02
1057,337,1,0.21,80,2011-02-03
1066,339,1,0.23,12,2011-02-03
1071,342,1,0.65,120,2011-03-17
1079,347,1,0.33,70,2011-02-24
1087,349,1,0.81,100,2011-02-15
1094,351,1,0.93,233,2011-02-02
1099,351,1,1.46,109,2010-02-25
1105,352,1,0.48,90,2011-01-17
1110,354,1,0.92,180,2010-04-14
1116,354,1,0.97,500,2011-02-15
1125,355,1,0.8,39,2010-05-12
1133,358,1,1.09,445,2011-02-02
1140,359,1,0.54,80,2011-02-24
1145,360,1,0.29,100,2011-02-03
1151,366,1,0.36,120,2011-02-16
1159,369,1,0.42,120,2011-02-19
1164,370,1,0.97,175,2010-04-14
1167,371,1,0.28,80,2011-03-12
1174,375,1,0.42,100,2011-02-15
1179,376,1,0.13,100,2011-02-03
1185,378,1,0.13,60,2011-02-20
1190,380,1,0.91,736,2011-02-02
1195,381,1,0.97,180,2011-03-17
1203,382,1,0.49,150,2011-03-09
1214,384,1,0.97,974,2011-02-02
1223,390,1,1.8,10,2011-02-24
1229,391,1,0.36,105,2011-02-03
1235,396,1,0.82,280,2011-02-02
1243,401,1,0.5,120,2011-02-18
1249,402,1,0.21,180,2011-02-22
1254,404,1,0.55,180,2011-03-02
1261,405,1,0.55,200,2011-02-16
1269,408,1,0.24,80,2011-02-23
1276,411,1,0.32,100,2011-03-10
1283,413,1,0.8,100,2011-02-02
1289,416,1,0.28,120,2011-02-15
1294,420,1,0.17,100,2011-02-02
1299,421,1,0.97,974,2011-02-02
1306,422,1,0.55,140,2011-02-25
1312,424,1,0.19,10,2011-02-15
1317,426,1,0.23,30,2011-02-15
1323,428,1,0.71,267,2011-02-02
1329,429,1,0.5,160,2011-03-02
1338,434,1,0.95,120,2011-03-11
1346,434,1,0.8,56,2010-04-15
1355,439,1,1.35,50,2011-02-02
1360,442,1,0.73,40,2011-02-16
1363,444,1,0.35,77,2011-02-02
1369,445,1,0.49,217,2011-02-02
1375,446,1,0.17,30,2011-02-02
1381,447,1,0.57,200,2011-02-15
1392,449,1,0.9,230,2011-02-02
1397,450,1,0.91,218,2011-02-02
1403,451,1,0.43,40,2010-02-13
1407,451,1,0.53,140,2011-02-23
1413,455,1,0.21,60,2011-02-15
1418,457,1,0.67,700,2011-02-02
1424,460,1,0.47,500,2011-02-02
1430,460,1,0.45,33,2010-04-08
1433,462,1,0.17,60,2011-02-18
1438,463,1,0.45,80,2011-02-23
1444,465,1,0.92,280,2011-02-02
1451,466,1,0.92,275,2011-02-02
1460,468,1,0.22,46,2011-02-02
1465,469,1,0.89,506,2011-02-02
1471,478,1,0.45,34,2011-02-02
1478,486,1,0.59,200,2011-02-08
1484,487,1,0.61,150,2011-02-22
1489,488,1,0.34,23,2011-02-02
1495,490,1,0.46,235,2011-02-02
1502,491,1,0.49,217,2011-02-02
1508,492,1,0.94,300,2011-02-02
1517,495,1,0.38,30,2011-02-02
1522,496,1,0.88,200,2011-02-15
1528,497,1,0.88,175,2011-01-20
1536,500,1,0.22,80,2011-02-21
1541,501,1,1.2,187,2010-04-11
1548,501,1,1.55,320,2011-02-16
1557,503,1,0.47,15,2011-02-25
1563,505,1,0.52,40,2011-02-17
1570,507,1,0.58,80,2011-02-03
1576,509,1,0.28,50,2011-02-02
1582,511,1,0.73,500,2011-02-02
1589,514,1,0.4,80,2011-02-02
1596,517,1,0.4,42,2011-02-02
1602,517,1,0.76,14,2010-04-09
1609,518,1,0.38,90,2011-03-22
1615,523,1,0.59,180,2011-02-22
1620,530,1,0.21,92,2011-02-02
1626,531,1,0.52,160,2011-02-02
1632,534,1,0.32,400,2011-01-29
1637,536,1,0.49,120,2011-03-17
32,5,2,0.44,20,2011-02-15
88,29,2,1.97,120,2011-02-02
108,36,2,0.8,20,2011-02-02
140,45,2,0.72,5,2010-04-18
223,67,2,0.54,20,2011-02-03
295,85,2,0.88,50,2011-02-02
315,94,2,0.28,10,2011-03-10
370,103,2,0.79,7,2010-03-23
384,110,2,0.8,18,2011-02-05
409,114,2,0.44,15,2011-02-03
421,115,2,0.41,15,2011-02-17
468,134,2,0.72,12,2010-04-15
606,177,2,0.95,15,2011-02-25
663,203,2,0.12,10,2011-02-15
728,216,2,0.39,10,2011-02-15
752,226,2,1.31,21,2011-02-02
759,233,2,0.3,15,2011-02-05
814,259,2,0.48,25,2011-02-25
830,262,2,0.37,15,2011-02-03
854,271,2,0.75,8,2010-04-11
863,271,2,1.2,25,2011-02-03
892,278,2,0.5,20,2011-03-02
920,289,2,0.59,3,2010-04-12
935,295,2,0.46,15,2011-02-25
972,310,2,0.38,15,2011-02-16
1038,335,2,0.98,20,2011-02-02
1072,342,2,0.65,18,2011-03-17
1100,351,2,1.46,8,2010-02-25
1111,354,2,0.92,1,2010-04-14
1117,354,2,0.97,24,2011-02-15
1196,381,2,0.97,30,2011-03-17
1204,382,2,0.49,72,2011-03-09
1236,396,2,0.82,30,2011-02-02
1262,405,2,0.55,12,2011-02-16
1330,429,2,0.5,30,2011-03-02
1339,434,2,0.95,10,2011-03-11
1347,434,2,0.8,15,2010-04-15
1382,447,2,0.57,35,2011-02-15
1445,465,2,0.92,15,2011-02-02
1452,466,2,0.92,10,2011-02-02
1496,490,2,0.46,10,2011-02-02
1529,497,2,0.88,45,2011-01-20
1549,501,2,1.55,20,2011-02-16
1590,514,2,0.4,10,2011-02-02
1603,517,2,0.76,3,2010-04-09
1638,536,2,0.49,10,2011-03-17
2,1,3,0.4,146.4,2010-04-12
8,1,3,0.4,100.8,2011-02-02
14,2,3,0.22,22.4,2011-02-09
22,3,3,0.13,44.8,2011-03-09
27,4,3,0.56,67.2,2011-02-24
33,5,3,0.44,70,2011-02-15
39,6,3,0.22,67.2,2011-02-07
45,8,3,0.33,67.2,2011-02-15
51,9,3,0.17,8.4,2011-02-07
55,11,3,0.44,67.2,2011-02-15
61,12,3,0.48,100.8,2011-02-15
67,21,3,0.35,43.12,2011-02-02
73,23,3,0.5,13.2,2010-05-04
78,27,3,0.49,100.8,2011-02-15
83,29,3,0.8,203.4,2010-04-12
89,29,3,1.97,616,2011-02-02
97,30,3,0.75,283.36,2011-02-02
103,32,3,0.17,100.8,2011-02-03
109,36,3,0.8,112,2011-02-02
117,37,3,0.38,33.6,2011-02-15
122,40,3,0.72,100.8,2011-02-25
130,43,3,0.31,72.8,2011-02-17
135,44,3,0.59,84,2011-02-02
141,45,3,0.72,29.68,2010-04-18
147,45,3,0.56,235.76,2011-02-02
153,47,3,1.01,56,2011-02-02
159,48,3,0.52,24.64,2010-04-01
164,48,3,0.45,45.36,2011-02-02
170,49,3,0.91,164.64,2011-02-02
176,49,3,0.89,58.24,2010-03-30
182,52,3,1.42,442.4,2011-02-02
188,53,3,0.21,61.6,2011-03-04
193,57,3,0.58,67.2,2011-02-17
200,62,3,0.75,201.6,2011-02-02
206,65,3,0.26,56,2011-02-17
212,65,3,0.5,172.2,2010-04-07
217,66,3,0.49,149.52,2011-02-02
224,67,3,0.54,117.6,2011-02-03
232,67,3,0.5,96.6,2010-04-09
237,69,3,0.51,112,2011-02-02
244,69,3,0.5,107.4,2010-02-26
251,71,3,0.5,160.8,2010-04-09
257,74,3,0.72,39.2,2011-02-02
263,77,3,0.9,39.6,2010-04-09
270,79,3,0.35,43.12,2011-02-02
276,81,3,0.42,70,2011-02-17
283,83,3,0.25,117.6,2011-02-18
290,84,3,1.31,5.6,2010-02-10
296,85,3,0.88,114.8,2011-02-02
303,89,3,0.43,25.2,2011-01-26
309,93,3,0.25,50.4,2011-03-04
316,94,3,0.28,11.2,2011-03-10
321,96,3,1.29,179.2,2011-02-23
328,96,3,0.5,17.4,2010-05-04
334,97,3,0.29,39.2,2011-02-16
342,98,3,0.52,100.8,2011-02-06
348,99,3,0.44,100.8,2011-02-07
355,101,3,0.39,72.8,2011-02-26
361,101,3,0.72,16.8,2010-04-27
365,103,3,0.43,104.72,2011-02-02
371,103,3,0.79,68.32,2010-03-23
377,105,3,0.46,67.2,2011-02-15
385,110,3,0.8,128.8,2011-02-05
391,111,3,0.72,151.2,2011-02-02
397,112,3,0.46,50.4,2011-02-15
402,113,3,0.4,95.2,2011-02-05
410,114,3,0.44,100.8,2011-02-03
416,114,3,0.5,208.8,2010-04-07
422,115,3,0.41,61.6,2011-02-17
428,116,3,0.8,120.96,2011-02-02
434,117,3,0.91,167.44,2011-02-02
441,117,3,0.92,137.76,2010-03-31
444,118,3,0.52,89.6,2011-02-15
450,121,3,0.23,44.8,2011-02-21
455,122,3,0.72,67.2,2011-02-23
462,133,3,0.61,197.12,2011-02-02
469,134,3,0.72,39.2,2010-04-15
475,135,3,0.5,58.8,2011-02-03
480,140,3,0.52,89.6,2011-02-02
486,145,3,1.01,117.6,2011-02-24
492,147,3,0.26,36.4,2011-02-03
498,148,3,0.36,100.8,2011-02-02
506,149,3,1,72.24,2011-02-02
511,155,3,0.18,39.2,2011-02-15
517,160,3,0.29,67.2,2011-02-22
523,160,3,0.78,33.6,2010-04-29
527,162,3,0.98,20.72,2010-04-13
533,162,3,0.74,262.08,2011-02-02
539,163,3,0.44,70,2011-02-02
545,164,3,0.46,112,2011-02-02
551,165,3,0.34,67.2,2011-02-26
557,165,3,0.36,33.6,2010-04-29
561,166,3,0.35,43.12,2011-02-02
567,167,3,0.91,122.08,2011-02-02
573,169,3,0.71,149.52,2011-02-02
579,171,3,0.5,64.96,2011-02-02
585,174,3,0.44,134.4,2011-02-03
590,174,3,0.7,88.2,2010-04-08
597,175,3,0.31,56,2011-02-15
603,175,3,0.44,33.6,2010-04-27
607,177,3,0.95,98,2011-02-25
613,181,3,0.47,44.8,2011-02-16
618,184,3,0.38,50.4,2011-02-19
623,185,3,0.46,112,2011-02-02
629,186,3,0.94,168,2011-02-02
635,188,3,0.24,39.2,2011-02-24
640,194,3,0.96,56,2011-02-02
647,195,3,0.29,112,2011-02-03
652,198,3,0.43,72.8,2011-02-15
657,199,3,3.3,672,2011-02-02
664,203,3,0.12,19.6,2011-02-15
672,204,3,0.96,34.72,2010-04-12
678,204,3,1.51,196,2011-02-02
684,205,3,0.52,94.64,2011-02-02
690,205,3,0.78,58.8,2010-03-30
696,206,3,0.43,25.2,2011-01-26
702,207,3,0.46,100.8,2011-02-02
708,208,3,1.02,140,2011-02-13
714,210,3,0.5,50.4,2011-03-22
721,213,3,0.17,25.2,2011-02-15
729,216,3,0.39,67.2,2011-02-15
734,217,3,1.09,249.2,2011-02-02
741,219,3,0.26,67.2,2011-02-21
746,220,3,0.33,59.36,2011-02-02
753,226,3,1.31,319.2,2011-02-02
760,233,3,0.3,56,2011-02-05
767,233,3,0.5,26.4,2010-04-06
770,234,3,0.4,22.4,2011-02-02
775,239,3,0.45,84,2011-02-25
781,247,3,0.16,44.8,2011-03-10
787,250,3,0.48,56,2011-02-15
792,252,3,1.05,56,2011-02-02
797,254,3,0.98,42.56,2010-04-16
803,257,3,0.55,100.8,2011-02-03
808,258,3,0.91,122.08,2011-02-02
815,259,3,0.48,61.6,2011-02-25
820,259,3,0.5,7.8,2010-04-07
824,261,3,0.38,50.4,2011-03-22
831,262,3,0.37,67.2,2011-02-03
838,263,3,0.49,44.8,2011-02-19
843,266,3,0.65,112,2011-02-10
849,270,3,0.37,117.6,2011-02-21
855,271,3,0.75,100.8,2010-04-11
864,271,3,1.2,255.36,2011-02-03
872,272,3,0.37,84,2011-02-21
877,273,3,0.97,280,2011-02-17
882,275,3,0.41,78.4,2011-02-17
887,277,3,0.9,60.6,2010-05-02
893,278,3,0.5,89.6,2011-03-02
901,279,3,0.2,16.8,2011-02-15
906,285,3,0.18,50.4,2011-02-04
912,286,3,0.62,112,2011-02-18
921,289,3,0.59,3.92,2010-04-12
926,291,3,0.35,22.4,2011-02-17
929,292,3,0.47,22.4,2011-02-05
936,295,3,0.46,67.2,2011-02-25
944,297,3,0.58,100.8,2011-02-18
949,301,3,0.1,11.2,2011-03-11
956,303,3,0.13,44.8,2011-02-24
962,304,3,0.22,56,2011-02-03
967,305,3,0.38,44.8,2011-02-22
973,310,3,0.38,44.8,2011-02-16
978,310,3,0.5,11.4,2010-04-08
985,311,3,0.43,61.6,2011-03-02
991,312,3,0.21,100.8,2011-02-17
996,315,3,0.43,117.6,2011-02-21
1002,316,3,0.11,33.6,2011-03-02
1008,317,3,0.75,190.4,2011-02-17
1012,318,3,0.94,168,2011-02-02
1018,321,3,0.46,112,2011-02-02
1024,325,3,0.45,78.4,2011-02-23
1030,326,3,0.81,33.6,2010-04-30
1033,333,3,1.69,465.36,2011-02-02
1039,335,3,0.98,179.2,2011-02-02
1046,335,3,0.5,132,2010-05-04
1052,336,3,0.8,120.96,2011-02-02
1058,337,3,0.21,44.8,2011-02-03
1067,339,3,0.23,6.72,2011-02-03
1073,342,3,0.65,67.2,2011-03-17
1080,347,3,0.33,39.2,2011-02-24
1088,349,3,0.81,56,2011-02-15
1095,351,3,0.93,130.48,2011-02-02
1101,351,3,1.46,61.04,2010-02-25
1106,352,3,0.48,50.4,2011-01-17
1112,354,3,0.92,100.8,2010-04-14
1118,354,3,0.97,280,2011-02-15
1126,355,3,0.8,23.4,2010-05-12
1134,358,3,1.09,249.2,2011-02-02
1141,359,3,0.54,44.8,2011-02-24
1146,360,3,0.29,56,2011-02-03
1152,366,3,0.36,67.2,2011-02-16
1160,369,3,0.42,67.2,2011-02-19
1165,370,3,0.97,98,2010-04-14
1168,371,3,0.28,44.8,2011-03-12
1175,375,3,0.42,56,2011-02-15
1180,376,3,0.13,56,2011-02-03
1186,378,3,0.13,33.6,2011-02-20
1191,380,3,0.91,412.16,2011-02-02
1197,381,3,0.97,100.8,2011-03-17
1205,382,3,0.49,84,2011-03-09
1215,384,3,0.97,545.44,2011-02-02
1224,390,3,1.8,5.6,2011-02-24
1230,391,3,0.36,58.8,2011-02-03
1237,396,3,0.82,156.8,2011-02-02
1244,401,3,0.5,67.2,2011-02-18
1250,402,3,0.21,100.8,2011-02-22
1255,404,3,0.55,100.8,2011-03-02
1263,405,3,0.55,112,2011-02-16
1270,408,3,0.24,44.8,2011-02-23
1277,411,3,0.32,56,2011-03-10
1284,413,3,0.8,56,2011-02-02
1290,416,3,0.28,67.2,2011-02-15
1295,420,3,0.17,56,2011-02-02
1300,421,3,0.97,545.44,2011-02-02
1307,422,3,0.55,78.4,2011-02-25
1313,424,3,0.19,5.6,2011-02-15
1318,426,3,0.23,16.8,2011-02-15
1324,428,3,0.71,149.52,2011-02-02
1331,429,3,0.5,89.6,2011-03-02
1340,434,3,0.95,67.2,2011-03-11
1348,434,3,0.8,33.6,2010-04-15
1356,439,3,1.35,28,2011-02-02
1361,442,3,0.73,22.4,2011-02-16
1364,444,3,0.35,43.12,2011-02-02
1370,445,3,0.49,121.52,2011-02-02
1376,446,3,0.17,16.8,2011-02-02
1383,447,3,0.57,112,2011-02-15
1393,449,3,0.9,128.8,2011-02-02
1398,450,3,0.91,122.08,2011-02-02
1404,451,3,0.43,22.4,2010-02-13
1408,451,3,0.53,78.4,2011-02-23
1414,455,3,0.21,33.6,2011-02-15
1419,457,3,0.67,392,2011-02-02
1425,460,3,0.47,280,2011-02-02
1431,460,3,0.45,19.8,2010-04-08
1434,462,3,0.17,33.6,2011-02-18
1439,463,3,0.45,44.8,2011-02-23
1446,465,3,0.92,156.8,2011-02-02
1453,466,3,0.92,154,2011-02-02
1461,468,3,0.22,25.76,2011-02-02
1466,469,3,0.89,283.36,2011-02-02
1472,478,3,0.45,19.04,2011-02-02
1479,486,3,0.59,112,2011-02-08
1485,487,3,0.61,84,2011-02-22
1490,488,3,0.34,12.88,2011-02-02
1497,490,3,0.46,131.6,2011-02-02
1503,491,3,0.49,121.52,2011-02-02
1509,492,3,0.94,168,2011-02-02
1518,495,3,0.38,16.8,2011-02-02
1523,496,3,0.88,112,2011-02-15
1530,497,3,0.88,98,2011-01-20
1537,500,3,0.22,44.8,2011-02-21
1542,501,3,1.2,112.2,2010-04-11
1550,501,3,1.55,179.2,2011-02-16
1558,503,3,0.47,8.4,2011-02-25
1564,505,3,0.52,22.4,2011-02-17
1571,507,3,0.58,44.8,2011-02-03
1577,509,3,0.28,28,2011-02-02
1583,511,3,0.73,280,2011-02-02
1591,514,3,0.4,44.8,2011-02-02
1597,517,3,0.4,23.52,2011-02-02
1604,517,3,0.76,7.84,2010-04-09
1610,518,3,0.38,50.4,2011-03-22
1616,523,3,0.59,100.8,2011-02-22
1621,530,3,0.21,51.52,2011-02-02
1627,531,3,0.52,89.6,2011-02-02
1633,534,3,0.32,224,2011-01-29
1639,536,3,0.49,67.2,2011-03-17
201,62,4,0.75,5,2011-02-02
1127,355,4,0.8,15,2010-05-12
1551,501,4,1.55,90,2011-02-16
3,1,5,0.4,50,2010-04-12
9,1,5,0.4,60,2011-02-02
15250001,1,5,1,10,2013-01-01
15,2,5,0.22,60,2011-02-09
23,3,5,0.13,200,2011-03-09
28,4,5,0.56,30,2011-02-24
34,5,5,0.44,60,2011-02-15
40,6,5,0.22,120,2011-02-07
46,8,5,0.33,140,2011-02-15
56,11,5,0.44,50,2011-02-15
68,21,5,0.35,8,2011-02-02
74,23,5,0.5,23,2010-05-04
79,27,5,0.49,120,2011-02-15
84,29,5,0.8,20,2010-04-12
90,29,5,1.97,120,2011-02-02
98,30,5,0.75,105,2011-02-02
104,32,5,0.17,20,2011-02-03
110,36,5,0.8,60,2011-02-02
118,37,5,0.38,180,2011-02-15
123,40,5,0.72,110,2011-02-25
131,43,5,0.31,140,2011-02-17
136,44,5,0.59,180,2011-02-02
142,45,5,0.72,12,2010-04-18
148,45,5,0.56,180,2011-02-02
154,47,5,1.01,80,2011-02-02
160,48,5,0.52,25,2010-04-01
171,49,5,0.91,40,2011-02-02
177,49,5,0.89,20,2010-03-30
183,52,5,1.42,120,2011-02-02
189,53,5,0.21,140,2011-03-04
194,57,5,0.58,60,2011-02-17
202,62,5,0.75,150,2011-02-02
207,65,5,0.26,60,2011-02-17
213,65,5,0.5,15,2010-04-07
218,66,5,0.49,90,2011-02-02
225,67,5,0.54,120,2011-02-03
233,67,5,0.5,10,2010-04-09
238,69,5,0.51,120,2011-02-02
245,69,5,0.5,40,2010-02-26
252,71,5,0.5,40,2010-04-09
258,74,5,0.72,90,2011-02-02
264,77,5,0.9,40,2010-04-09
271,79,5,0.35,8,2011-02-02
277,81,5,0.42,50,2011-02-17
284,83,5,0.25,60,2011-02-18
291,84,5,1.31,30,2010-02-10
297,85,5,0.88,120,2011-02-02
304,89,5,0.43,120,2011-01-26
310,93,5,0.25,70,2011-03-04
317,94,5,0.28,30,2011-03-10
322,96,5,1.29,60,2011-02-23
329,96,5,0.5,30,2010-05-04
335,97,5,0.29,30,2011-02-16
343,98,5,0.52,70,2011-02-06
349,99,5,0.44,60,2011-02-07
356,101,5,0.39,65,2011-02-26
372,103,5,0.79,30,2010-03-23
378,105,5,0.46,95,2011-02-15
386,110,5,0.8,120,2011-02-05
392,111,5,0.72,150,2011-02-02
398,112,5,0.46,110,2011-02-15
403,113,5,0.4,60,2011-02-05
411,114,5,0.44,135,2011-02-03
417,114,5,0.5,20,2010-04-07
423,115,5,0.41,60,2011-02-17
429,116,5,0.8,135,2011-02-02
435,117,5,0.91,168,2011-02-02
445,118,5,0.52,60,2011-02-15
451,121,5,0.23,40,2011-02-21
459,125,5,0.48,40,2011-03-20
463,133,5,0.61,120,2011-02-02
470,134,5,0.72,134,2010-04-15
476,135,5,0.5,50,2011-02-03
481,140,5,0.52,60,2011-02-02
487,145,5,1.01,170,2011-02-24
493,147,5,0.26,30,2011-02-03
499,148,5,0.36,180,2011-02-02
507,149,5,1,90,2011-02-02
512,155,5,0.18,60,2011-02-15
518,160,5,0.29,80,2011-02-22
524,160,5,0.78,15,2010-04-29
528,162,5,0.98,14,2010-04-13
534,162,5,0.74,30,2011-02-02
546,164,5,0.46,100,2011-02-02
552,165,5,0.34,90,2011-02-26
558,165,5,0.36,25,2010-04-29
562,166,5,0.35,8,2011-02-02
568,167,5,0.91,120,2011-02-02
574,169,5,0.71,60,2011-02-02
580,171,5,0.5,60,2011-02-02
586,174,5,0.44,180,2011-02-03
591,174,5,0.7,35,2010-04-08
598,175,5,0.31,120,2011-02-15
608,177,5,0.95,120,2011-02-25
614,181,5,0.47,130,2011-02-16
619,184,5,0.38,150,2011-02-19
624,185,5,0.46,100,2011-02-02
630,186,5,0.94,100,2011-02-02
636,188,5,0.24,115,2011-02-24
641,194,5,0.96,80,2011-02-02
653,198,5,0.43,65,2011-02-15
658,199,5,3.3,600,2011-02-02
665,203,5,0.12,25,2011-02-15
673,204,5,0.96,63,2010-04-12
679,204,5,1.51,60,2011-02-02
685,205,5,0.52,100,2011-02-02
691,205,5,0.78,41,2010-03-30
697,206,5,0.43,120,2011-01-26
703,207,5,0.46,50,2011-02-02
709,208,5,1.02,180,2011-02-13
715,210,5,0.5,120,2011-03-22
722,213,5,0.17,30,2011-02-15
730,216,5,0.39,120,2011-02-15
735,217,5,1.09,10,2011-02-02
742,219,5,0.26,60,2011-02-21
747,220,5,0.33,50,2011-02-02
754,226,5,1.31,176,2011-02-02
761,233,5,0.3,70,2011-02-05
771,234,5,0.4,60,2011-02-02
776,239,5,0.45,300,2011-02-25
782,247,5,0.16,30,2011-03-10
788,250,5,0.48,100,2011-02-15
793,252,5,1.05,60,2011-02-02
798,254,5,0.98,38,2010-04-16
804,257,5,0.55,170,2011-02-03
809,258,5,0.91,120,2011-02-02
816,259,5,0.48,60,2011-02-25
825,261,5,0.38,30,2011-03-22
832,262,5,0.37,75,2011-02-03
839,263,5,0.49,120,2011-02-19
844,266,5,0.65,80,2011-02-10
850,270,5,0.37,60,2011-02-21
856,271,5,0.75,40,2010-04-11
865,271,5,1.2,360,2011-02-03
873,272,5,0.37,240,2011-02-21
878,273,5,0.97,90,2011-02-17
883,275,5,0.41,190,2011-02-17
888,277,5,0.9,20,2010-05-02
894,278,5,0.5,60,2011-03-02
902,279,5,0.2,10,2011-02-15
907,285,5,0.18,90,2011-02-04
913,286,5,0.62,80,2011-02-18
917,287,5,0.28,240,2011-02-24
922,289,5,0.59,10,2010-04-12
930,292,5,0.47,45,2011-02-05
937,295,5,0.46,45,2011-02-25
945,297,5,0.58,60,2011-02-18
950,301,5,0.1,15,2011-03-11
957,303,5,0.13,40,2011-02-24
963,304,5,0.22,80,2011-02-03
968,305,5,0.38,60,2011-02-22
974,310,5,0.38,60,2011-02-16
979,310,5,0.5,30,2010-04-08
986,311,5,0.43,45,2011-03-02
992,312,5,0.21,70,2011-02-17
997,315,5,0.43,240,2011-02-21
1003,316,5,0.11,90,2011-03-02
1013,318,5,0.94,100,2011-02-02
1019,321,5,0.46,100,2011-02-02
1025,325,5,0.45,170,2011-02-23
1034,333,5,1.69,150,2011-02-02
1040,335,5,0.98,195,2011-02-02
1047,335,5,0.5,30,2010-05-04
1053,336,5,0.8,135,2011-02-02
1059,337,5,0.21,60,2011-02-03
1068,339,5,0.23,20,2011-02-03
1074,342,5,0.65,120,2011-03-17
1081,347,5,0.33,140,2011-02-24
1085,348,5,0.88,190,2011-01-25
1089,349,5,0.81,45,2011-02-15
1096,351,5,0.93,120,2011-02-02
1102,351,5,1.46,120,2010-02-25
1107,352,5,0.48,140,2011-01-17
1113,354,5,0.92,20,2010-04-14
1119,354,5,0.97,3,2011-02-15
1128,355,5,0.8,20,2010-05-12
1135,358,5,1.09,10,2011-02-02
1142,359,5,0.54,60,2011-02-24
1147,360,5,0.29,30,2011-02-03
1153,366,5,0.36,60,2011-02-16
1161,369,5,0.42,135,2011-02-19
1169,371,5,0.28,30,2011-03-12
1176,375,5,0.42,160,2011-02-15
1181,376,5,0.13,30,2011-02-03
1187,378,5,0.13,40,2011-02-20
1192,380,5,0.91,60,2011-02-02
1198,381,5,0.97,120,2011-03-17
1206,382,5,0.49,90,2011-03-09
1216,384,5,0.97,90,2011-02-02
1221,389,5,0.44,60,2011-03-22
1225,390,5,1.8,10,2011-02-24
1231,391,5,0.36,50,2011-02-03
1238,396,5,0.82,120,2011-02-02
1245,401,5,0.5,45,2011-02-18
1251,402,5,0.21,30,2011-02-22
1256,404,5,0.55,95,2011-03-02
1264,405,5,0.55,80,2011-02-16
1271,408,5,0.24,60,2011-02-23
1278,411,5,0.32,30,2011-03-10
1285,413,5,0.8,80,2011-02-02
1291,416,5,0.28,60,2011-02-15
1296,420,5,0.17,60,2011-02-02
1301,421,5,0.97,90,2011-02-02
1308,422,5,0.55,60,2011-02-25
1314,424,5,0.19,20,2011-02-15
1319,426,5,0.23,150,2011-02-15
1325,428,5,0.71,60,2011-02-02
1332,429,5,0.5,120,2011-03-02
1341,434,5,0.95,120,2011-03-11
1349,434,5,0.8,60,2010-04-15
1357,439,5,1.35,100,2011-02-02
1365,444,5,0.35,8,2011-02-02
1371,445,5,0.49,45,2011-02-02
1377,446,5,0.17,15,2011-02-02
1384,447,5,0.57,120,2011-02-15
1389,448,5,0.69,60,2011-01-25
1394,449,5,0.9,50,2011-02-02
1399,450,5,0.91,120,2011-02-02
1405,451,5,0.43,25,2010-02-13
1409,451,5,0.53,140,2011-02-23
1415,455,5,0.21,100,2011-02-15
1420,457,5,0.67,160,2011-02-02
1426,460,5,0.47,60,2011-02-02
1435,462,5,0.17,130,2011-02-18
1440,463,5,0.45,60,2011-02-23
1447,465,5,0.92,110,2011-02-02
1454,466,5,0.92,135,2011-02-02
1462,468,5,0.22,88,2011-02-02
1467,469,5,0.89,105,2011-02-02
1473,478,5,0.45,60,2011-02-02
1480,486,5,0.59,120,2011-02-08
1486,487,5,0.61,180,2011-02-22
1498,490,5,0.46,60,2011-02-02
1504,491,5,0.49,45,2011-02-02
1510,492,5,0.94,100,2011-02-02
1514,494,5,0.23,80,2011-02-23
1519,495,5,0.38,10,2011-02-02
1524,496,5,0.88,120,2011-02-15
1531,497,5,0.88,120,2011-01-20
1538,500,5,0.22,140,2011-02-21
1543,501,5,1.2,120,2010-04-11
1552,501,5,1.55,180,2011-02-16
1559,503,5,0.47,60,2011-02-25
1572,507,5,0.58,170,2011-02-03
1578,509,5,0.28,30,2011-02-02
1584,511,5,0.73,180,2011-02-02
1592,514,5,0.4,60,2011-02-02
1598,517,5,0.4,48,2011-02-02
1605,517,5,0.76,5,2010-04-09
1611,518,5,0.38,30,2011-03-22
1617,523,5,0.59,240,2011-02-22
1622,530,5,0.21,40,2011-02-02
1628,531,5,0.52,60,2011-02-02
1634,534,5,0.32,220,2011-01-29
1640,536,5,0.49,65,2011-03-17
10,1,6,0.4,10,2011-02-02
16,2,6,0.22,6,2011-02-09
35,5,6,0.44,10,2011-02-15
57,11,6,0.44,15,2011-02-15
62,12,6,0.48,15,2011-02-15
69,21,6,0.35,10,2011-02-02
85,29,6,0.8,100,2010-04-12
91,29,6,1.97,250,2011-02-02
99,30,6,0.75,40,2011-02-02
105,32,6,0.17,6,2011-02-03
111,36,6,0.8,40,2011-02-02
124,40,6,0.72,20,2011-02-25
137,44,6,0.59,30,2011-02-02
143,45,6,0.72,2,2010-04-18
149,45,6,0.56,30,2011-02-02
155,47,6,1.01,45,2011-02-02
161,48,6,0.52,3,2010-04-01
165,48,6,0.45,7,2011-02-02
172,49,6,0.91,70,2011-02-02
178,49,6,0.89,4,2010-03-30
184,52,6,1.42,200,2011-02-02
195,57,6,0.58,5,2011-02-17
203,62,6,0.75,38,2011-02-02
219,66,6,0.49,70,2011-02-02
226,67,6,0.54,15,2011-02-03
239,69,6,0.51,10,2011-02-02
253,71,6,0.5,15,2010-04-09
259,74,6,0.72,38,2011-02-02
272,79,6,0.35,10,2011-02-02
278,81,6,0.42,5,2011-02-17
285,83,6,0.25,30,2011-02-18
292,84,6,1.31,10,2010-02-10
298,85,6,0.88,60,2011-02-02
305,89,6,0.43,25,2011-01-26
311,93,6,0.25,19,2011-03-04
330,96,6,0.5,10,2010-05-04
336,97,6,0.29,15,2011-02-16
344,98,6,0.52,2,2011-02-06
350,99,6,0.44,15,2011-02-07
357,101,6,0.39,50,2011-02-26
362,101,6,0.72,20,2010-04-27
366,103,6,0.43,56,2011-02-02
373,103,6,0.79,26,2010-03-23
379,105,6,0.46,15,2011-02-15
393,111,6,0.72,25,2011-02-02
404,113,6,0.4,15,2011-02-05
412,114,6,0.44,20,2011-02-03
424,115,6,0.41,15,2011-02-17
430,116,6,0.8,10,2011-02-02
436,117,6,0.91,30,2011-02-02
464,133,6,0.61,60,2011-02-02
471,134,6,0.72,30,2010-04-15
482,140,6,0.52,75,2011-02-02
494,147,6,0.26,10,2011-02-03
500,148,6,0.36,15,2011-02-02
513,155,6,0.18,10,2011-02-15
519,160,6,0.29,15,2011-02-22
529,162,6,0.98,5,2010-04-13
535,162,6,0.74,60,2011-02-02
540,163,6,0.44,40,2011-02-02
547,164,6,0.46,93,2011-02-02
553,165,6,0.34,20,2011-02-26
563,166,6,0.35,10,2011-02-02
569,167,6,0.91,50,2011-02-02
575,169,6,0.71,50,2011-02-02
581,171,6,0.5,30,2011-02-02
592,174,6,0.7,25,2010-04-08
599,175,6,0.31,15,2011-02-15
625,185,6,0.46,93,2011-02-02
631,186,6,0.94,60,2011-02-02
642,194,6,0.96,45,2011-02-02
648,195,6,0.29,7,2011-02-03
659,199,6,3.3,90,2011-02-02
666,203,6,0.12,12,2011-02-15
674,204,6,0.96,10,2010-04-12
680,204,6,1.51,70,2011-02-02
686,205,6,0.52,91,2011-02-02
692,205,6,0.78,2,2010-03-30
698,206,6,0.43,25,2011-01-26
710,208,6,1.02,10,2011-02-13
716,210,6,0.5,10,2011-03-22
736,217,6,1.09,10,2011-02-02
748,220,6,0.33,60,2011-02-02
755,226,6,1.31,7,2011-02-02
762,233,6,0.3,10,2011-02-05
772,234,6,0.4,18,2011-02-02
777,239,6,0.45,100,2011-02-25
799,254,6,0.98,3,2010-04-16
810,258,6,0.91,50,2011-02-02
821,259,6,0.5,6,2010-04-07
826,261,6,0.38,15,2011-03-22
833,262,6,0.37,10,2011-02-03
857,271,6,0.75,15,2010-04-11
866,271,6,1.2,20,2011-02-03
895,278,6,0.5,30,2011-03-02
908,285,6,0.18,20,2011-02-04
914,286,6,0.62,30,2011-02-18
931,292,6,0.47,10,2011-02-05
938,295,6,0.46,10,2011-02-25
951,301,6,0.1,3,2011-03-11
987,311,6,0.43,10,2011-03-02
998,315,6,0.43,20,2011-02-21
1004,316,6,0.11,12,2011-03-02
1014,318,6,0.94,60,2011-02-02
1020,321,6,0.46,93,2011-02-02
1026,325,6,0.45,15,2011-02-23
1041,335,6,0.98,25,2011-02-02
1054,336,6,0.8,10,2011-02-02
1060,337,6,0.21,6,2011-02-03
1075,342,6,0.65,10,2011-03-17
1082,347,6,0.33,8,2011-02-24
1090,349,6,0.81,40,2011-02-15
1114,354,6,0.92,8,2010-04-14
1120,354,6,0.97,60,2011-02-15
1136,358,6,1.09,10,2011-02-02
1154,366,6,0.36,20,2011-02-16
1170,371,6,0.28,10,2011-03-12
1182,376,6,0.13,3,2011-02-03
1193,380,6,0.91,60,2011-02-02
1199,381,6,0.97,20,2011-03-17
1207,382,6,0.49,20,2011-03-09
1217,384,6,0.97,100,2011-02-02
1239,396,6,0.82,30,2011-02-02
1257,404,6,0.55,15,2011-03-02
1265,405,6,0.55,20,2011-02-16
1279,411,6,0.32,8,2011-03-10
1286,413,6,0.8,45,2011-02-02
1302,421,6,0.97,100,2011-02-02
1309,422,6,0.55,15,2011-02-25
1320,426,6,0.23,14,2011-02-15
1326,428,6,0.71,50,2011-02-02
1333,429,6,0.5,30,2011-03-02
1342,434,6,0.95,20,2011-03-11
1358,439,6,1.35,77,2011-02-02
1366,444,6,0.35,10,2011-02-02
1372,445,6,0.49,8,2011-02-02
1378,446,6,0.17,10,2011-02-02
1385,447,6,0.57,25,2011-02-15
1390,448,6,0.69,10,2011-01-25
1395,449,6,0.9,30,2011-02-02
1400,450,6,0.91,50,2011-02-02
1410,451,6,0.53,15,2011-02-23
1421,457,6,0.67,50,2011-02-02
1441,463,6,0.45,15,2011-02-23
1448,465,6,0.92,25,2011-02-02
1455,466,6,0.92,20,2011-02-02
1459,467,6,0.19,32,2011-02-02
1463,468,6,0.22,10,2011-02-02
1468,469,6,0.89,40,2011-02-02
1474,478,6,0.45,49,2011-02-02
1491,488,6,0.34,80,2011-02-02
1499,490,6,0.46,15,2011-02-02
1505,491,6,0.49,8,2011-02-02
1511,492,6,0.94,60,2011-02-02
1515,494,6,0.23,15,2011-02-23
1532,497,6,0.88,30,2011-01-20
1553,501,6,1.55,20,2011-02-16
1565,505,6,0.52,2,2011-02-17
1573,507,6,0.58,80,2011-02-03
1585,511,6,0.73,6,2011-02-02
1599,517,6,0.4,10,2011-02-02
1606,517,6,0.76,8,2010-04-09
1612,518,6,0.38,15,2011-03-22
1623,530,6,0.21,28,2011-02-02
1629,531,6,0.52,75,2011-02-02
1641,536,6,0.49,20,2011-03-17
92,29,7,1.97,15,2011-02-02
1208,382,7,0.49,10,2011-03-09
17,2,8,0.22,150,2011-02-09
63,12,8,0.48,200,2011-02-15
93,29,8,1.97,35,2011-02-02
227,67,8,0.54,70,2011-02-03
265,77,8,0.9,6,2010-04-09
286,83,8,0.25,100,2011-02-18
501,148,8,0.36,90,2011-02-02
723,213,8,0.17,20,2011-02-15
858,271,8,0.75,8,2010-04-11
867,271,8,1.2,1000,2011-02-03
939,295,8,0.46,35,2011-02-25
980,310,8,0.5,6,2010-04-08
1061,337,8,0.21,120,2011-02-03
1121,354,8,0.97,350,2011-02-15
1129,355,8,0.8,120,2010-05-12
1155,366,8,0.36,30,2011-02-16
1209,382,8,0.49,150,2011-03-09
1272,408,8,0.24,25,2011-02-23
1350,434,8,0.8,50,2010-04-15
1427,460,8,0.47,25,2011-02-02
1544,501,8,1.2,12,2010-04-11
1566,505,8,0.52,25,2011-02-17
4,1,10,0.4,10,2010-04-12
18,2,10,0.22,100,2011-02-09
47,8,10,0.33,150,2011-02-15
112,36,10,0.8,40,2011-02-02
125,40,10,0.72,65,2011-02-25
196,57,10,0.58,25,2011-02-17
208,65,10,0.26,25,2011-02-17
240,69,10,0.51,40,2011-02-02
246,69,10,0.5,8,2010-02-26
266,77,10,0.9,150,2010-04-09
279,81,10,0.42,25,2011-02-17
299,85,10,0.88,180,2011-02-02
323,96,10,1.29,40,2011-02-23
337,97,10,0.29,35,2011-02-16
380,105,10,0.46,45,2011-02-15
387,110,10,0.8,30,2011-02-05
405,113,10,0.4,35,2011-02-05
446,118,10,0.52,25,2011-02-15
488,145,10,1.01,25,2011-02-24
502,148,10,0.36,100,2011-02-02
593,174,10,0.7,5,2010-04-08
643,194,10,0.96,150,2011-02-02
667,203,10,0.12,10,2011-02-15
704,207,10,0.46,45,2011-02-02
717,210,10,0.5,50,2011-03-22
724,213,10,0.17,15,2011-02-15
763,233,10,0.3,55,2011-02-05
783,247,10,0.16,15,2011-03-10
834,262,10,0.37,50,2011-02-03
845,266,10,0.65,120,2011-02-10
859,271,10,0.75,50,2010-04-11
868,271,10,1.2,100,2011-02-03
896,278,10,0.5,40,2011-03-02
940,295,10,0.46,10,2011-02-25
958,303,10,0.13,20,2011-02-24
981,310,10,0.5,5,2010-04-08
1042,335,10,0.98,100,2011-02-02
1062,337,10,0.21,280,2011-02-03
1130,355,10,0.8,15,2010-05-12
1148,360,10,0.29,25,2011-02-03
1156,366,10,0.36,45,2011-02-16
1171,371,10,0.28,25,2011-03-12
1200,381,10,0.97,90,2011-03-17
1210,382,10,0.49,30,2011-03-09
1226,390,10,1.8,5,2011-02-24
1240,396,10,0.82,50,2011-02-02
1246,401,10,0.5,35,2011-02-18
1258,404,10,0.55,45,2011-03-02
1266,405,10,0.55,20,2011-02-16
1273,408,10,0.24,50,2011-02-23
1334,429,10,0.5,45,2011-03-02
1343,434,10,0.95,50,2011-03-11
1351,434,10,0.8,20,2010-04-15
1386,447,10,0.57,50,2011-02-15
1481,486,10,0.59,25,2011-02-08
1525,496,10,0.88,45,2011-02-15
1533,497,10,0.88,40,2011-01-20
1545,501,10,1.2,15,2010-04-11
1554,501,10,1.55,70,2011-02-16
1567,505,10,0.52,50,2011-02-17
1579,509,10,0.28,15,2011-02-02
1586,511,10,0.73,40,2011-02-02
1642,536,10,0.49,25,2011-03-17
5,1,11,0.4,180,2010-04-12
11,1,11,0.4,180,2011-02-02
19,2,11,0.22,240,2011-02-09
24,3,11,0.13,290,2011-03-09
29,4,11,0.56,120,2011-02-24
36,5,11,0.44,180,2011-02-15
41,6,11,0.22,240,2011-02-07
48,8,11,0.33,300,2011-02-15
52,9,11,0.17,30,2011-02-07
58,11,11,0.44,180,2011-02-15
64,12,11,0.48,320,2011-02-15
70,21,11,0.35,15,2011-02-02
75,23,11,0.5,60,2010-05-04
80,27,11,0.49,360,2011-02-15
94,29,11,1.97,600,2011-02-02
100,30,11,0.75,55,2011-02-02
113,36,11,0.8,180,2011-02-02
119,37,11,0.38,240,2011-02-15
126,40,11,0.72,250,2011-02-25
132,43,11,0.31,230,2011-02-17
144,45,11,0.72,45,2010-04-18
156,47,11,1.01,65,2011-02-02
166,48,11,0.45,350,2011-02-02
173,49,11,0.91,400,2011-02-02
179,49,11,0.89,57,2010-03-30
190,53,11,0.21,270,2011-03-04
197,57,11,0.58,180,2011-02-17
209,65,11,0.26,80,2011-02-17
214,65,11,0.5,30,2010-04-07
220,66,11,0.49,200,2011-02-02
228,67,11,0.54,180,2011-02-03
234,67,11,0.5,15,2010-04-09
241,69,11,0.51,240,2011-02-02
247,69,11,0.5,150,2010-02-26
254,71,11,0.5,90,2010-04-09
260,74,11,0.72,150,2011-02-02
267,77,11,0.9,90,2010-04-09
273,79,11,0.35,15,2011-02-02
280,81,11,0.42,210,2011-02-17
287,83,11,0.25,360,2011-02-18
300,85,11,0.88,300,2011-02-02
306,89,11,0.43,240,2011-01-26
312,93,11,0.25,160,2011-03-04
318,94,11,0.28,120,2011-03-10
324,96,11,1.29,125,2011-02-23
331,96,11,0.5,60,2010-05-04
338,97,11,0.29,60,2011-02-16
345,98,11,0.52,70,2011-02-06
351,99,11,0.44,120,2011-02-07
358,101,11,0.39,120,2011-02-26
367,103,11,0.43,200,2011-02-02
374,103,11,0.79,260,2010-03-23
381,105,11,0.46,130,2011-02-15
388,110,11,0.8,240,2011-02-05
394,111,11,0.72,240,2011-02-02
399,112,11,0.46,180,2011-02-15
406,113,11,0.4,180,2011-02-05
413,114,11,0.44,210,2011-02-03
418,114,11,0.5,30,2010-04-07
425,115,11,0.41,120,2011-02-17
431,116,11,0.8,150,2011-02-02
437,117,11,0.91,600,2011-02-02
447,118,11,0.52,120,2011-02-15
452,121,11,0.23,80,2011-02-21
456,122,11,0.72,205,2011-02-23
460,125,11,0.48,90,2011-03-20
465,133,11,0.61,360,2011-02-02
472,134,11,0.72,132,2010-04-15
477,135,11,0.5,180,2011-02-03
483,140,11,0.52,60,2011-02-02
489,145,11,1.01,400,2011-02-24
495,147,11,0.26,90,2011-02-03
503,148,11,0.36,120,2011-02-02
508,149,11,1,240,2011-02-02
514,155,11,0.18,100,2011-02-15
520,160,11,0.29,120,2011-02-22
530,162,11,0.98,52,2010-04-13
536,162,11,0.74,50,2011-02-02
541,163,11,0.44,200,2011-02-02
548,164,11,0.46,180,2011-02-02
554,165,11,0.34,140,2011-02-26
564,166,11,0.35,15,2011-02-02
570,167,11,0.91,120,2011-02-02
576,169,11,0.71,350,2011-02-02
582,171,11,0.5,120,2011-02-02
587,174,11,0.44,240,2011-02-03
594,174,11,0.7,70,2010-04-08
600,175,11,0.31,180,2011-02-15
609,177,11,0.95,270,2011-02-25
615,181,11,0.47,250,2011-02-16
620,184,11,0.38,210,2011-02-19
626,185,11,0.46,180,2011-02-02
632,186,11,0.94,200,2011-02-02
637,188,11,0.24,240,2011-02-24
644,194,11,0.96,65,2011-02-02
649,195,11,0.29,60,2011-02-03
654,198,11,0.43,210,2011-02-15
660,199,11,3.3,120,2011-02-02
668,203,11,0.12,75,2011-02-15
675,204,11,0.96,110,2010-04-12
681,204,11,1.51,360,2011-02-02
687,205,11,0.52,300,2011-02-02
693,205,11,0.78,16,2010-03-30
699,206,11,0.43,240,2011-01-26
705,207,11,0.46,240,2011-02-02
711,208,11,1.02,320,2011-02-13
718,210,11,0.5,130,2011-03-22
725,213,11,0.17,60,2011-02-15
731,216,11,0.39,280,2011-02-15
737,217,11,1.09,75,2011-02-02
743,219,11,0.26,290,2011-02-21
749,220,11,0.33,60,2011-02-02
756,226,11,1.31,525,2011-02-02
764,233,11,0.3,120,2011-02-05
778,239,11,0.45,180,2011-02-25
784,247,11,0.16,60,2011-03-10
789,250,11,0.48,190,2011-02-15
794,252,11,1.05,300,2011-02-02
800,254,11,0.98,46,2010-04-16
805,257,11,0.55,290,2011-02-03
811,258,11,0.91,120,2011-02-02
817,259,11,0.48,250,2011-02-25
827,261,11,0.38,60,2011-03-22
835,262,11,0.37,180,2011-02-03
840,263,11,0.49,270,2011-02-19
846,266,11,0.65,150,2011-02-10
851,270,11,0.37,200,2011-02-21
860,271,11,0.75,180,2010-04-11
869,271,11,1.2,1200,2011-02-03
874,272,11,0.37,240,2011-02-21
879,273,11,0.97,150,2011-02-17
884,275,11,0.41,280,2011-02-17
889,277,11,0.9,120,2010-05-02
897,278,11,0.5,180,2011-03-02
903,279,11,0.2,60,2011-02-15
909,285,11,0.18,120,2011-02-04
915,286,11,0.62,120,2011-02-18
918,287,11,0.28,300,2011-02-24
923,289,11,0.59,31,2010-04-12
932,292,11,0.47,120,2011-02-05
941,295,11,0.46,120,2011-02-25
946,297,11,0.58,320,2011-02-18
952,301,11,0.1,30,2011-03-11
959,303,11,0.13,70,2011-02-24
964,304,11,0.22,60,2011-02-03
969,305,11,0.38,350,2011-02-22
975,310,11,0.38,60,2011-02-16
982,310,11,0.5,45,2010-04-08
988,311,11,0.43,120,2011-03-02
993,312,11,0.21,270,2011-02-17
999,315,11,0.43,400,2011-02-21
1005,316,11,0.11,130,2011-03-02
1009,317,11,0.75,420,2011-02-17
1015,318,11,0.94,200,2011-02-02
1021,321,11,0.46,180,2011-02-02
1027,325,11,0.45,280,2011-02-23
1035,333,11,1.69,1000,2011-02-02
1043,335,11,0.98,300,2011-02-02
1048,335,11,0.5,180,2010-05-04
1055,336,11,0.8,150,2011-02-02
1063,337,11,0.21,120,2011-02-03
1069,339,11,0.23,40,2011-02-03
1076,342,11,0.65,210,2011-03-17
1083,347,11,0.33,130,2011-02-24
1086,348,11,0.88,220,2011-01-25
1091,349,11,0.81,180,2011-02-15
1097,351,11,0.93,80,2011-02-02
1103,351,11,1.46,240,2010-02-25
1108,352,11,0.48,320,2011-01-17
1122,354,11,0.97,480,2011-02-15
1131,355,11,0.8,60,2010-05-12
1137,358,11,1.09,75,2011-02-02
1143,359,11,0.54,300,2011-02-24
1149,360,11,0.29,85,2011-02-03
1157,366,11,0.36,180,2011-02-16
1162,369,11,0.42,230,2011-02-19
1172,371,11,0.28,120,2011-03-12
1177,375,11,0.42,200,2011-02-15
1183,376,11,0.13,60,2011-02-03
1188,378,11,0.13,70,2011-02-20
1201,381,11,0.97,210,2011-03-17
1211,382,11,0.49,120,2011-03-09
1218,384,11,0.97,300,2011-02-02
1222,389,11,0.44,100,2011-03-22
1227,390,11,1.8,20,2011-02-24
1232,391,11,0.36,80,2011-02-03
1241,396,11,0.82,240,2011-02-02
1247,401,11,0.5,140,2011-02-18
1252,402,11,0.21,60,2011-02-22
1259,404,11,0.55,150,2011-03-02
1267,405,11,0.55,180,2011-02-16
1274,408,11,0.24,450,2011-02-23
1280,411,11,0.32,120,2011-03-10
1287,413,11,0.8,65,2011-02-02
1292,416,11,0.28,120,2011-02-15
1297,420,11,0.17,180,2011-02-02
1303,421,11,0.97,300,2011-02-02
1310,422,11,0.55,180,2011-02-25
1315,424,11,0.19,120,2011-02-15
1321,426,11,0.23,190,2011-02-15
1327,428,11,0.71,350,2011-02-02
1335,429,11,0.5,240,2011-03-02
1344,434,11,0.95,210,2011-03-11
1352,434,11,0.8,60,2010-04-15
1367,444,11,0.35,15,2011-02-02
1373,445,11,0.49,150,2011-02-02
1379,446,11,0.17,50,2011-02-02
1387,447,11,0.57,180,2011-02-15
1391,448,11,0.69,120,2011-01-25
1401,450,11,0.91,120,2011-02-02
1411,451,11,0.53,270,2011-02-23
1416,455,11,0.21,160,2011-02-15
1422,457,11,0.67,350,2011-02-02
1428,460,11,0.47,300,2011-02-02
1436,462,11,0.17,150,2011-02-18
1442,463,11,0.45,90,2011-02-23
1449,465,11,0.92,250,2011-02-02
1456,466,11,0.92,190,2011-02-02
1469,469,11,0.89,55,2011-02-02
1475,478,11,0.45,180,2011-02-02
1482,486,11,0.59,180,2011-02-08
1487,487,11,0.61,480,2011-02-22
1492,488,11,0.34,275,2011-02-02
1500,490,11,0.46,150,2011-02-02
1506,491,11,0.49,150,2011-02-02
1512,492,11,0.94,200,2011-02-02
1516,494,11,0.23,100,2011-02-23
1520,495,11,0.38,20,2011-02-02
1526,496,11,0.88,180,2011-02-15
1534,497,11,0.88,240,2011-01-20
1539,500,11,0.22,210,2011-02-21
1546,501,11,1.2,420,2010-04-11
1555,501,11,1.55,400,2011-02-16
1560,503,11,0.47,90,2011-02-25
1568,505,11,0.52,120,2011-02-17
1574,507,11,0.58,190,2011-02-03
1580,509,11,0.28,40,2011-02-02
1587,511,11,0.73,180,2011-02-02
1593,514,11,0.4,210,2011-02-02
1607,517,11,0.76,20,2010-04-09
1613,518,11,0.38,60,2011-03-22
1618,523,11,0.59,470,2011-02-22
1624,530,11,0.21,100,2011-02-02
1630,531,11,0.52,60,2011-02-02
1635,534,11,0.32,420,2011-01-29
1643,536,11,0.49,140,2011-03-17
248,69,12,0.5,100,2010-02-26
1353,434,12,0.8,200,2010-04-15
114,36,14,0.8,10,2011-02-02
1064,337,14,0.21,150,2011-02-03
1123,354,14,0.97,100,2011-02-15
6,1,15,0.4,92.7,2010-04-12
12,1,15,0.4,68.4,2011-02-02
20,2,15,0.22,15.2,2011-02-09
25,3,15,0.13,30.4,2011-03-09
30,4,15,0.56,45.6,2011-02-24
37,5,15,0.44,47.5,2011-02-15
42,6,15,0.22,45.6,2011-02-07
49,8,15,0.33,45.6,2011-02-15
53,9,15,0.17,5.7,2011-02-07
59,11,15,0.44,45.6,2011-02-15
65,12,15,0.48,68.4,2011-02-15
71,21,15,0.35,28,2011-02-02
76,23,15,0.5,8.4,2010-05-04
81,27,15,0.49,68.4,2011-02-15
86,29,15,0.8,128.8,2010-04-12
95,29,15,1.97,418,2011-02-02
101,30,15,0.75,182,2011-02-02
106,32,15,0.17,68.4,2011-02-03
115,36,15,0.8,76,2011-02-02
120,37,15,0.38,22.8,2011-02-15
127,40,15,0.72,68.4,2011-02-25
133,43,15,0.31,49.4,2011-02-17
138,44,15,0.59,54,2011-02-02
145,45,15,0.72,20.14,2010-04-18
150,45,15,0.56,154,2011-02-02
157,47,15,1.01,36,2011-02-02
162,48,15,0.52,16.72,2010-04-01
167,48,15,0.45,29,2011-02-02
174,49,15,0.91,108,2011-02-02
180,49,15,0.89,39.52,2010-03-30
185,52,15,1.42,285,2011-02-02
191,53,15,0.21,41.8,2011-03-04
198,57,15,0.58,45.6,2011-02-17
204,62,15,0.75,129,2011-02-02
210,65,15,0.26,38,2011-02-17
215,65,15,0.5,109.6,2010-04-07
221,66,15,0.49,96,2011-02-02
229,67,15,0.54,79.8,2011-02-03
235,67,15,0.5,61.2,2010-04-09
242,69,15,0.51,76,2011-02-02
249,69,15,0.5,68,2010-02-26
255,71,15,0.5,101.8,2010-04-09
261,74,15,0.72,25,2011-02-02
268,77,15,0.9,24.1,2010-04-09
274,79,15,0.35,28,2011-02-02
281,81,15,0.42,47.5,2011-02-17
288,83,15,0.25,79.8,2011-02-18
293,84,15,1.31,3.8,2010-02-10
301,85,15,0.88,77.9,2011-02-02
307,89,15,0.43,17.1,2011-01-26
313,93,15,0.25,34.2,2011-03-04
319,94,15,0.28,7.6,2011-03-10
325,96,15,1.29,121.6,2011-02-23
332,96,15,0.5,11,2010-05-04
339,97,15,0.29,26.6,2011-02-16
346,98,15,0.52,68.4,2011-02-06
352,99,15,0.44,68.4,2011-02-07
359,101,15,0.39,49.4,2011-02-26
363,101,15,0.72,11.4,2010-04-27
368,103,15,0.43,67,2011-02-02
375,103,15,0.79,46.36,2010-03-23
382,105,15,0.46,45.6,2011-02-15
389,110,15,0.8,87.4,2011-02-05
395,111,15,0.72,102.6,2011-02-02
400,112,15,0.46,34.2,2011-02-15
407,113,15,0.4,64.6,2011-02-05
414,114,15,0.44,68.4,2011-02-03
419,114,15,0.5,132.2,2010-04-07
426,115,15,0.41,41.8,2011-02-17
432,116,15,0.8,78,2011-02-02
438,117,15,0.91,108,2011-02-02
442,117,15,0.92,93.48,2010-03-31
448,118,15,0.52,60.8,2011-02-15
453,121,15,0.23,30.4,2011-02-21
457,122,15,0.72,45.6,2011-02-23
466,133,15,0.61,125,2011-02-02
473,134,15,0.72,26.6,2010-04-15
478,135,15,0.5,39.9,2011-02-03
484,140,15,0.52,56,2011-02-02
490,145,15,1.01,79.8,2011-02-24
496,147,15,0.26,24.7,2011-02-03
504,148,15,0.36,68.4,2011-02-02
509,149,15,1,46,2011-02-02
515,155,15,0.18,26.6,2011-02-15
521,160,15,0.29,45.6,2011-02-22
525,160,15,0.78,22.8,2010-04-29
531,162,15,0.98,14.06,2010-04-13
537,162,15,0.74,168,2011-02-02
542,163,15,0.44,44,2011-02-02
549,164,15,0.46,72,2011-02-02
555,165,15,0.34,45.6,2011-02-26
559,165,15,0.36,22.8,2010-04-29
565,166,15,0.35,28,2011-02-02
571,167,15,0.91,78,2011-02-02
577,169,15,0.71,96,2011-02-02
583,171,15,0.5,41,2011-02-02
588,174,15,0.44,91.2,2011-02-03
595,174,15,0.7,55.9,2010-04-08
601,175,15,0.31,38,2011-02-15
604,175,15,0.44,22.8,2010-04-27
610,177,15,0.95,66.5,2011-02-25
616,181,15,0.47,30.4,2011-02-16
621,184,15,0.38,34.2,2011-02-19
627,185,15,0.46,72,2011-02-02
633,186,15,0.94,108,2011-02-02
638,188,15,0.24,26.6,2011-02-24
645,194,15,0.96,36,2011-02-02
650,195,15,0.29,76,2011-02-03
655,198,15,0.43,49.4,2011-02-15
661,199,15,3.3,432,2011-02-02
669,203,15,0.12,13.3,2011-02-15
676,204,15,0.96,23.56,2010-04-12
682,204,15,1.51,126,2011-02-02
688,205,15,0.52,60,2011-02-02
694,205,15,0.78,39.9,2010-03-30
700,206,15,0.43,17.1,2011-01-26
706,207,15,0.46,68.4,2011-02-02
712,208,15,1.02,95,2011-02-13
719,210,15,0.5,34.2,2011-03-22
726,213,15,0.17,17.1,2011-02-15
732,216,15,0.39,45.6,2011-02-15
738,217,15,1.09,78,2011-02-02
744,219,15,0.26,45.6,2011-02-21
750,220,15,0.33,34,2011-02-02
757,226,15,1.31,205,2011-02-02
765,233,15,0.3,38,2011-02-05
768,233,15,0.5,16.7,2010-04-06
773,234,15,0.4,15,2011-02-02
779,239,15,0.45,57,2011-02-25
785,247,15,0.16,30.4,2011-03-10
790,250,15,0.48,38,2011-02-15
795,252,15,1.05,36,2011-02-02
801,254,15,0.98,28.88,2010-04-16
806,257,15,0.55,68.4,2011-02-03
812,258,15,0.91,78,2011-02-02
818,259,15,0.48,41.8,2011-02-25
822,259,15,0.5,4.9,2010-04-07
828,261,15,0.38,34.2,2011-03-22
836,262,15,0.37,45.6,2011-02-03
841,263,15,0.49,30.4,2011-02-19
847,266,15,0.65,76,2011-02-10
852,270,15,0.37,79.8,2011-02-21
861,271,15,0.75,63.8,2010-04-11
870,271,15,1.2,173.28,2011-02-03
875,272,15,0.37,57,2011-02-21
880,273,15,0.97,190,2011-02-17
885,275,15,0.41,53.2,2011-02-17
890,277,15,0.9,38.4,2010-05-02
898,278,15,0.5,60.8,2011-03-02
904,279,15,0.2,11.4,2011-02-15
910,285,15,0.18,34.2,2011-02-04
916,286,15,0.62,76,2011-02-18
924,289,15,0.59,2.66,2010-04-12
927,291,15,0.35,15.2,2011-02-17
933,292,15,0.47,15.2,2011-02-05
942,295,15,0.46,45.6,2011-02-25
947,297,15,0.58,68.4,2011-02-18
953,301,15,0.1,7.6,2011-03-11
960,303,15,0.13,30.4,2011-02-24
965,304,15,0.22,38,2011-02-03
970,305,15,0.38,30.4,2011-02-22
976,310,15,0.38,30.4,2011-02-16
983,310,15,0.5,7.2,2010-04-08
989,311,15,0.43,41.8,2011-03-02
994,312,15,0.21,68.4,2011-02-17
1000,315,15,0.43,79.8,2011-02-21
1006,316,15,0.11,22.8,2011-03-02
1010,317,15,0.75,129.2,2011-02-17
1016,318,15,0.94,108,2011-02-02
1022,321,15,0.46,72,2011-02-02
1028,325,15,0.45,53.2,2011-02-23
1031,326,15,0.81,22.8,2010-04-30
1036,333,15,1.69,299,2011-02-02
1044,335,15,0.98,121.6,2011-02-02
1049,335,15,0.5,83.6,2010-05-04
1056,336,15,0.8,78,2011-02-02
1065,337,15,0.21,30.4,2011-02-03
1070,339,15,0.23,4.56,2011-02-03
1077,342,15,0.65,45.6,2011-03-17
1084,347,15,0.33,26.6,2011-02-24
1092,349,15,0.81,38,2011-02-15
1098,351,15,0.93,84,2011-02-02
1104,351,15,1.46,41.42,2010-02-25
1109,352,15,0.48,34.2,2011-01-17
1115,354,15,0.92,68.4,2010-04-14
1124,354,15,0.97,190,2011-02-15
1132,355,15,0.8,14.8,2010-05-12
1138,358,15,1.09,78,2011-02-02
1144,359,15,0.54,30.4,2011-02-24
1150,360,15,0.29,38,2011-02-03
1158,366,15,0.36,45.6,2011-02-16
1163,369,15,0.42,45.6,2011-02-19
1166,370,15,0.97,66.5,2010-04-14
1173,371,15,0.28,30.4,2011-03-12
1178,375,15,0.42,38,2011-02-15
1184,376,15,0.13,38,2011-02-03
1189,378,15,0.13,22.8,2011-02-20
1194,380,15,0.91,265,2011-02-02
1202,381,15,0.97,68.4,2011-03-17
1212,382,15,0.49,57,2011-03-09
1219,384,15,0.97,350,2011-02-02
1228,390,15,1.8,3.8,2011-02-24
1233,391,15,0.36,39.9,2011-02-03
1242,396,15,0.82,106.4,2011-02-02
1248,401,15,0.5,45.6,2011-02-18
1253,402,15,0.21,68.4,2011-02-22
1260,404,15,0.55,68.4,2011-03-02
1268,405,15,0.55,76,2011-02-16
1275,408,15,0.24,30.4,2011-02-23
1281,411,15,0.32,38,2011-03-10
1288,413,15,0.8,36,2011-02-02
1293,416,15,0.28,45.6,2011-02-15
1298,420,15,0.17,36,2011-02-02
1304,421,15,0.97,350,2011-02-02
1311,422,15,0.55,53.2,2011-02-25
1316,424,15,0.19,3.8,2011-02-15
1322,426,15,0.23,11.4,2011-02-15
1328,428,15,0.71,96,2011-02-02
1336,429,15,0.5,60.8,2011-03-02
1345,434,15,0.95,45.6,2011-03-11
1354,434,15,0.8,21.3,2010-04-15
1359,439,15,1.35,18,2011-02-02
1362,442,15,0.73,15.2,2011-02-16
1368,444,15,0.35,28,2011-02-02
1374,445,15,0.49,78,2011-02-02
1380,446,15,0.17,11,2011-02-02
1388,447,15,0.57,76,2011-02-15
1396,449,15,0.9,83,2011-02-02
1402,450,15,0.91,78,2011-02-02
1406,451,15,0.43,15.2,2010-02-13
1412,451,15,0.53,53.2,2011-02-23
1417,455,15,0.21,22.8,2011-02-15
1423,457,15,0.67,241,2011-02-02
1429,460,15,0.47,190,2011-02-02
1432,460,15,0.45,12.5,2010-04-08
1437,462,15,0.17,22.8,2011-02-18
1443,463,15,0.45,30.4,2011-02-23
1450,465,15,0.92,106.4,2011-02-02
1457,466,15,0.92,104.5,2011-02-02
1464,468,15,0.22,16,2011-02-02
1470,469,15,0.89,183,2011-02-02
1476,478,15,0.45,11,2011-02-02
1483,486,15,0.59,76,2011-02-08
1488,487,15,0.61,57,2011-02-22
1493,488,15,0.34,8,2011-02-02
1501,490,15,0.46,89.3,2011-02-02
1507,491,15,0.49,78,2011-02-02
1513,492,15,0.94,108,2011-02-02
1521,495,15,0.38,11.4,2011-02-02
1527,496,15,0.88,76,2011-02-15
1535,497,15,0.88,66.5,2011-01-20
1540,500,15,0.22,30.4,2011-02-21
1547,501,15,1.2,71.6,2010-04-11
1556,501,15,1.55,121.6,2011-02-16
1561,503,15,0.47,5.7,2011-02-25
1569,505,15,0.52,15.2,2011-02-17
1575,507,15,0.58,30.4,2011-02-03
1581,509,15,0.28,19,2011-02-02
1588,511,15,0.73,190,2011-02-02
1594,514,15,0.4,30.4,2011-02-02
1600,517,15,0.4,13,2011-02-02
1608,517,15,0.76,5.32,2010-04-09
1614,518,15,0.38,34.2,2011-03-22
1619,523,15,0.59,68.4,2011-02-22
1625,530,15,0.21,33,2011-02-02
1631,531,15,0.52,56,2011-02-02
1636,534,15,0.32,152,2011-01-29
1644,536,15,0.49,45.6,2011-03-17
43,6,16,0.22,10,2011-02-07
128,40,16,0.72,20,2011-02-25
151,45,16,0.56,500,2011-02-02
168,48,16,0.45,300,2011-02-02
186,52,16,1.42,1600,2011-02-02
230,67,16,0.54,90,2011-02-03
326,96,16,1.29,20,2011-02-23
340,97,16,0.29,10,2011-02-16
353,99,16,0.44,10,2011-02-07
439,117,16,0.91,1500,2011-02-02
458,122,16,0.72,25,2011-02-23
543,163,16,0.44,320,2011-02-02
611,177,16,0.95,20,2011-02-25
670,203,16,0.12,10,2011-02-15
739,217,16,1.09,800,2011-02-02
899,278,16,0.5,10,2011-03-02
954,301,16,0.1,5,2011-03-11
1050,335,16,0.5,250,2010-05-04
1078,342,16,0.65,25,2011-03-17
1093,349,16,0.81,10,2011-02-15
1139,358,16,1.09,800,2011-02-02
1213,382,16,0.49,40,2011-03-09
1220,384,16,0.97,175,2011-02-02
1234,391,16,0.36,30,2011-02-03
1282,411,16,0.32,20,2011-03-10
1305,421,16,0.97,175,2011-02-02
1337,429,16,0.5,20,2011-03-02
1458,466,16,0.92,10,2011-02-02
1477,478,16,0.45,300,2011-02-02
1494,488,16,0.34,300,2011-02-02
1562,503,16,0.47,15,2011-02-25
1595,514,16,0.4,10,2011-02-02
1601,517,16,0.4,100,2011-02-02
